landmark_id,x,y,z,visibility,pose_name
0,0.4022963231190164,0.1382616806385592,-0.43009516164418793,0.9999836683273317,Warrior_Pose
1,0.43346342706676294,0.09580841600140527,-0.4502966222376487,0.9999185800552368,Warrior_Pose
2,0.44574847645972254,0.09616313031299169,-0.4521760397676892,0.999919891357422,Warrior_Pose
3,0.45693998609835473,0.09573465278064724,-0.4512439953130208,0.9999157190322876,Warrior_Pose
4,0.4250530965589972,0.09499891889124823,-0.30364234830894793,0.9999278783798218,Warrior_Pose
5,0.4301134291486725,0.09594627005980723,-0.3060960531496137,0.9999520778656006,Warrior_Pose
6,0.43551634578065324,0.09650889541029493,-0.3070000665950935,0.9999476671218872,Warrior_Pose
7,0.5478627964139535,0.11692286675507942,-0.39731924759223736,0.9999538660049438,Warrior_Pose
8,0.5184219713007671,0.11948414996213577,0.270414188859664,0.9999436140060424,Warrior_Pose
9,0.44073899282223844,0.18934903874076509,-0.3968794340905117,0.9999496936798096,Warrior_Pose
10,0.43201681746925463,0.19319720088251682,-0.21754454082178673,0.999931812286377,Warrior_Pose
11,0.8359876109225031,0.3611754897108803,-0.4477829428285658,0.9999605417251588,Warrior_Pose
12,0.37937306963499706,0.3462088779814139,0.6557819305503689,0.9998908042907716,Warrior_Pose
13,1.2141078887541465,0.35087892149955274,-0.8819183161116667,0.9978129863739014,Warrior_Pose
14,-0.001445075484939927,0.26089854931111817,0.45851908649093215,0.970307230949402,Warrior_Pose
15,1.5618541051946764,0.36723257104680246,-1.5183665066776082,0.9969155788421632,Warrior_Pose
16,-0.33868868504025296,0.22684597539882348,-0.3237142659784907,0.9911878108978271,Warrior_Pose
17,1.6562852059292539,0.3687243779489713,-1.636651577023757,0.9930253028869628,Warrior_Pose
18,-0.4375272695291701,0.2221158184716112,-0.46405957976642453,0.9833891987800598,Warrior_Pose
19,1.6703166439118782,0.3685867950788809,-1.8474940749726514,0.9936403632164,Warrior_Pose
20,-0.45410029327470797,0.2148448982529207,-0.6294368527427534,0.9844589233398438,Warrior_Pose
21,1.6357669355145514,0.37885949871878677,-1.6187951274150645,0.992737114429474,Warrior_Pose
22,-0.4095146679516825,0.2252483146590229,-0.4491500842862819,0.9875746369361876,Warrior_Pose
23,0.8827821492025818,1.0220934957222991,0.1629674046901654,0.9999336004257202,Warrior_Pose
24,0.6373779238722806,1.038665451860395,0.7617716650061016,0.9999163150787354,Warrior_Pose
25,1.27927671027264,1.3266976310893326,0.10312773885453355,0.9873709678649902,Warrior_Pose
26,0.14603843203582834,1.1076015206717589,-0.33271350624588697,0.9913206696510316,Warrior_Pose
27,1.6850530724520005,1.6107995685142042,0.7002892641195445,0.9864926934242249,Warrior_Pose
28,0.00041565142660040117,1.5988889778682756,0.35972093723788146,0.9770002365112304,Warrior_Pose
29,1.7483850114828619,1.6386088451166043,0.7003797351396411,0.9085060358047484,Warrior_Pose
30,0.04597229063892743,1.6932203857242913,0.39957840607200473,0.9554661512374878,Warrior_Pose
31,1.6939513518032518,1.746396616994728,-0.20318301673350903,0.9805287718772888,Warrior_Pose
32,-0.21407557107580238,1.6866073683495677,-0.18582088834421837,0.9766244292259216,Warrior_Pose
0,0.30167353508237366,-0.7743925981505688,0.6349193115741971,0.9999836683273317,Warrior_Pose
1,0.27208418219081215,-0.8308037446652906,0.6140153266267646,0.9999933242797852,Warrior_Pose
2,0.25876440545873763,-0.8343687079266949,0.611673702945593,0.9999954700469972,Warrior_Pose
3,0.24580475422106332,-0.8369167361722486,0.612526885130519,0.9999958276748656,Warrior_Pose
4,0.2775736627000486,-0.8281387489461098,0.4776549285900915,0.999992847442627,Warrior_Pose
5,0.26903926362175834,-0.8287916987841544,0.47567316988905023,0.9999953508377076,Warrior_Pose
6,0.26034537407573927,-0.8291615360023338,0.4749221255096173,0.9999933242797852,Warrior_Pose
7,0.1746054222148416,-0.8193913565977122,0.6413575076644937,0.999997615814209,Warrior_Pose
8,0.20366255032782388,-0.8080354209195998,0.041840766626666186,0.9999836683273317,Warrior_Pose
9,0.2794508278999752,-0.7211017771630219,0.7176476814819208,0.9999555349349976,Warrior_Pose
10,0.28112912773167964,-0.7239635569064855,0.5244470549624314,0.999919891357422,Warrior_Pose
11,-0.11945916469358618,-0.5714183764948828,0.8348132613887241,0.9999170303344728,Warrior_Pose
12,0.3450909990955256,-0.5683788941921132,-0.06589344311613424,0.9997026324272156,Warrior_Pose
13,-0.5276638458766502,-0.567518776258146,1.4457583558176998,0.9848068952560424,Warrior_Pose
14,0.7461785564107554,-0.6072097780869928,-0.2561745097889404,0.99804425239563,Warrior_Pose
15,-0.878009212254079,-0.5685908583211237,1.7728179784831581,0.9664689302444458,Warrior_Pose
16,1.094252013150446,-0.6665097791986346,-0.1574555099492875,0.99097341299057,Warrior_Pose
17,-0.9889982084527129,-0.5472347829852235,1.7078839366708718,0.9476622939109802,Warrior_Pose
18,1.1974450002586938,-0.6611856251338786,-0.3827930437368219,0.9878113865852356,Warrior_Pose
19,-1.0002880763399693,-0.548248139309718,1.6816635291526298,0.9436908960342408,Warrior_Pose
20,1.205090367173597,-0.6680461524647647,-0.31472343822964555,0.9872380495071412,Warrior_Pose
21,-0.9625546446618063,-0.545676321566707,1.7860143526731267,0.8976885080337524,Warrior_Pose
22,1.1695536346490836,-0.6629499199724431,-0.1297623639275858,0.974131405353546,Warrior_Pose
23,-0.10287270906804963,0.13215134677705495,0.7373023808942002,0.999924659729004,Warrior_Pose
24,0.13535528264211139,0.17632636087450645,0.18553245686133935,0.9999127388000488,Warrior_Pose
25,-0.5070854832044632,0.4870845474667981,1.7018258417351315,0.9946773052215576,Warrior_Pose
26,0.6957410785371659,0.24371476178814594,0.8566202819121094,0.9885374307632446,Warrior_Pose
27,-0.9446913804652144,0.8161956713429595,2.141226944607654,0.9980029463768004,Warrior_Pose
28,0.7689206583479768,0.7410781184391119,1.4632023379696157,0.992099404335022,Warrior_Pose
29,-1.0015020620360802,0.8724888383770723,2.174358649881244,0.9986698627471924,Warrior_Pose
30,0.718997266253863,0.8305380102909817,1.5237079294693925,0.9949648976325988,Warrior_Pose
31,-0.8741907317354443,0.7999712927440492,1.9023803386634215,0.996081531047821,Warrior_Pose
32,1.0211794976758082,0.8330269021285525,1.3012393180196096,0.9892025589942932,Warrior_Pose
0,1.0888915507012689,1.1225835829032986,-1.2367981661392071,0.9999719858169556,Warrior_Pose
1,1.1602259403973325,1.0279302477641545,-1.282873599419254,0.9998801946640016,Warrior_Pose
2,1.1902151271226795,1.0278001005159842,-1.2863757134553513,0.9998767375946044,Warrior_Pose
3,1.2147722376881023,1.0307192496043922,-1.2846057035446754,0.9998722076416016,Warrior_Pose
4,1.1383615298707488,1.0291311939930043,-0.9696207754955637,0.9999014139175416,Warrior_Pose
5,1.1483719805686698,1.0278354605791429,-0.9747260554454649,0.999929904937744,Warrior_Pose
6,1.1579550901606455,1.0261916804703164,-0.9768698544508875,0.9999334812164308,Warrior_Pose
7,1.3838147686114037,1.0857643154628638,-1.1735440944198188,0.9999103546142578,Warrior_Pose
8,1.3078568972390379,1.0757814846476539,0.25489592549788265,0.999914526939392,Warrior_Pose
9,1.1478550135400916,1.2310234549186896,-1.167607082510072,0.9999160766601562,Warrior_Pose
10,1.1235665846245748,1.2284751236653957,-0.7823173139755122,0.9998918771743774,Warrior_Pose
11,1.9642242027442092,1.6019016428108905,-1.1553589768870656,0.9999275207519532,Warrior_Pose
12,0.9900598494942416,1.5826276314211032,1.052963212288948,0.9998788833618164,Warrior_Pose
13,2.7282838203635267,1.752979086271694,-2.0291887505853827,0.9984832406044006,Warrior_Pose
14,0.24040196054587099,1.650120365167531,0.8115093973376054,0.97954523563385,Warrior_Pose
15,3.433615905089157,1.779383611758965,-3.3728885398430926,0.9970316886901855,Warrior_Pose
16,-0.32972991018304854,1.582526364643366,-0.9755525186475141,0.9902218580245972,Warrior_Pose
17,3.6071434583859623,1.780241324704589,-3.592005639061445,0.9924330711364746,Warrior_Pose
18,-0.5183593333844971,1.5744440909401296,-1.2703152225038186,0.9792417883872986,Warrior_Pose
19,3.621129416912529,1.7558030779126494,-4.014348385859238,0.9929215312004088,Warrior_Pose
20,-0.5407414954116296,1.5546894789013375,-1.6530493507985717,0.9806764125823976,Warrior_Pose
21,3.552983513540678,1.7727507303827934,-3.5735904524382684,0.991448163986206,Warrior_Pose
22,-0.4505940950363451,1.5823939958205469,-1.245596845304076,0.9836592674255372,Warrior_Pose
23,1.836764373680702,3.0089137308264,-0.1563341512762307,0.999963641166687,Warrior_Pose
24,1.2453786077362625,2.973153784230959,1.0804183432777337,0.9999608993530272,Warrior_Pose
25,2.6425865333590575,3.574347059104472,-0.6129929761938304,0.9964505434036256,Warrior_Pose
26,0.22412671669130982,3.077097559419798,-1.7336702726941244,0.9979026317596436,Warrior_Pose
27,3.484424585676344,4.081108600910049,0.21186221195291563,0.9975233674049376,Warrior_Pose
28,0.24205484298777444,4.037540930211709,-0.04780509498722736,0.9917389154434204,Warrior_Pose
29,3.591474415246627,4.157155692972565,0.16712789706351538,0.9751758575439452,Warrior_Pose
30,0.3310653473597706,4.216596884798397,0.06466832169537176,0.9836313724517822,Warrior_Pose
31,3.650767160195079,4.37162650955926,-1.755965606725259,0.9957061409950256,Warrior_Pose
32,-0.21351293728316242,4.223922527202526,-1.1760508522956297,0.9906219244003296,Warrior_Pose
0,0.535281578208683,-0.2171985604330063,0.8301417475674291,0.9999995231628418,Warrior_Pose
1,0.5074513242296186,-0.2674324650540029,0.8904611706462424,0.9999996423721312,Warrior_Pose
2,0.500160752766406,-0.2674674575666032,0.8884473614887187,0.9999998807907104,Warrior_Pose
3,0.4926421175281679,-0.2673132400054786,0.8891704078822698,0.9999997615814208,Warrior_Pose
4,0.5038511035015927,-0.26667452879674003,0.6647295099715443,0.9999995231628418,Warrior_Pose
5,0.49493819190948557,-0.264828223629673,0.6625311999611885,0.9999997615814208,Warrior_Pose
6,0.4857267557908983,-0.26265078126283103,0.6614551540129804,0.9999995231628418,Warrior_Pose
7,0.4180876711075928,-0.23824894439440014,1.2145576355090177,0.9999998807907104,Warrior_Pose
8,0.4270857331484541,-0.23675225122123275,0.1932545349425324,0.9999992847442628,Warrior_Pose
9,0.5162123592903222,-0.16733947494026577,1.0118454522737206,0.9999966621398926,Warrior_Pose
10,0.5109402518272552,-0.16657402351251163,0.6996692660758982,0.999993085861206,Warrior_Pose
11,0.17261062931166804,-0.02718679023937541,1.693559752959704,0.9999949932098388,Warrior_Pose
12,0.5187442157621959,-0.0021791210331055006,-0.22441482147491942,0.9999736547470092,Warrior_Pose
13,-0.12248995280805366,-0.03635365429527426,2.843689482432631,0.9913951754570008,Warrior_Pose
14,0.9425190768895965,-0.0814144599953414,-0.5025862277557577,0.9997909665107728,Warrior_Pose
15,-0.41625028678261866,-0.04106746670294597,3.774765325489276,0.9920687675476074,Warrior_Pose
16,1.3010370740754444,-0.15742046757102454,-0.26235947496601464,0.9992689490318298,Warrior_Pose
17,-0.5007423134264345,-0.04426853791713021,3.9299790369029624,0.9863775968551636,Warrior_Pose
18,1.4179932072626162,-0.16989627685086886,-0.5489460153109214,0.9990354776382446,Warrior_Pose
19,-0.5038115887393486,-0.047149118423068855,3.7765252369475095,0.9850815534591676,Warrior_Pose
20,1.4250208580419563,-0.1764365888200418,-0.31812216361331247,0.9989387392997742,Warrior_Pose
21,-0.4701945899358874,-0.03251160166459885,3.7542019343650628,0.9790672659873962,Warrior_Pose
22,1.3880867264058891,-0.16545661160007943,-0.17764882547111077,0.9982202649116516,Warrior_Pose
23,0.08818669812906366,0.6273930924068123,1.13488856936352,0.9999933242797852,Warrior_Pose
24,0.2887259640618725,0.6559322654798079,-0.21104886807615608,0.9999954700469972,Warrior_Pose
25,-0.2735956485702803,0.9133360922055188,2.2401396276441745,0.9997044205665588,Warrior_Pose
26,0.8630159453244681,0.6658616844915006,0.30873921367672164,0.9999635219573976,Warrior_Pose
27,-0.7125132223234186,1.161666603091343,3.045252483618818,0.9999457597732544,Warrior_Pose
28,0.8523093967942766,1.1743616048438514,1.0900282460657262,0.9999431371688844,Warrior_Pose
29,-0.7919463910929332,1.1994754258333118,3.14366910318991,0.9999666213989258,Warrior_Pose
30,0.8029532587569183,1.261518794617253,1.194328361865777,0.9999381303787231,Warrior_Pose
31,-0.6401070818884432,1.1918035327240093,3.139597635729577,0.9998763799667358,Warrior_Pose
32,1.0867248475456142,1.2610403287626373,1.2345253935929827,0.9998798370361328,Warrior_Pose
0,-0.393968957748878,-0.8186704883475946,0.07909385152919429,0.9999997615814208,Warrior_Pose
1,-0.4127954442622759,-0.8464146551674679,0.14522851952799018,0.9999985694885254,Warrior_Pose
2,-0.41557543979041334,-0.8462373345317007,0.14426926659291758,0.9999986886978148,Warrior_Pose
3,-0.41778682528973676,-0.8459009926858493,0.1445921302221956,0.9999984502792358,Warrior_Pose
4,-0.419502581934341,-0.8474610786579465,0.05859488027340243,0.9999992847442628,Warrior_Pose
5,-0.4258710981434632,-0.8467059276854362,0.05733073535556761,0.9999996423721312,Warrior_Pose
6,-0.43501919044868803,-0.8464496558157176,0.05712303111579214,0.9999995231628418,Warrior_Pose
7,-0.46234350980234573,-0.8340163947164195,0.4698583252461619,0.9999992847442628,Warrior_Pose
8,-0.49475302314863134,-0.8339829922712862,0.08013464200709473,0.9999994039535522,Warrior_Pose
9,-0.4060586667264026,-0.7854502983022231,0.21015147077948354,0.999998927116394,Warrior_Pose
10,-0.4172614167605305,-0.787865043368367,0.08692844606340527,0.9999992847442628,Warrior_Pose
11,-0.37743956068062656,-0.655008895514874,0.647117122911811,0.9999953508377076,Warrior_Pose
12,-0.6602480415865991,-0.6799843352558543,0.06010016869201889,0.9999980926513672,Warrior_Pose
13,-0.12315707190865496,-0.693427840522583,0.6836288703386799,0.9842273592948914,Warrior_Pose
14,-0.9119376015180536,-0.6910407843254311,-0.21471925020587793,0.9998739957809448,Warrior_Pose
15,0.09820321775955348,-0.7105076174748773,0.28675297960271545,0.9870283603668212,Warrior_Pose
16,-1.1539389804938514,-0.6969184959267035,-0.5718200920288414,0.9994231462478638,Warrior_Pose
17,0.1648926317069743,-0.7129177477295225,0.2451187521200049,0.9745240807533264,Warrior_Pose
18,-1.2164005894335717,-0.7084942810989623,-0.6574333643167359,0.9983585476875304,Warrior_Pose
19,0.17771662636714733,-0.72073326063192,0.09545164940460767,0.9775927662849426,Warrior_Pose
20,-1.22991108947707,-0.7131057763261699,-0.7741495313964171,0.9984961748123168,Warrior_Pose
21,0.15448162954429293,-0.7115814501488026,0.20305128797139568,0.9812486171722412,Warrior_Pose
22,-1.1988822415320737,-0.7045625416122476,-0.645970636047022,0.9981886744499208,Warrior_Pose
23,-0.4641470675529479,-0.20074503114583725,0.6974172444356728,0.9999897480010986,Warrior_Pose
24,-0.6293167465424152,-0.20522767124678318,0.22763350078331115,0.9999903440475464,Warrior_Pose
25,-0.11700064849857607,-0.1603348648978366,0.16387935864701803,0.999739110469818,Warrior_Pose
26,-0.9167256279138674,0.0005169270358991528,0.01687397676547849,0.99981290102005,Warrior_Pose
27,-0.1038401295356358,0.1767220969380293,0.6056011196494674,0.9992105960845948,Warrior_Pose
28,-1.197754703363921,0.19388623903733168,0.24698987700916902,0.9991769194602966,Warrior_Pose
29,-0.13452256157237208,0.23138767561344056,0.6225594809141449,0.9983641505241394,Warrior_Pose
30,-1.2365381156304454,0.22483815933217954,0.25495121208100013,0.9912748336791992,Warrior_Pose
31,0.03623828625464029,0.23871583645302386,0.23288364734694902,0.998963475227356,Warrior_Pose
32,-1.1818901759765215,0.26653320097562905,-0.25058997847607195,0.998276710510254,Warrior_Pose
0,0.3685362098917326,-0.6744916837574454,-0.8575070052720388,0.999974489212036,Warrior_Pose
1,0.4072724820194712,-0.7299009368516142,-0.841965498969041,0.9998579025268556,Warrior_Pose
2,0.42689256458657054,-0.7287164772901784,-0.8439225243409655,0.9998514652252196,Warrior_Pose
3,0.44415664570214264,-0.7261853983141004,-0.8429600370311934,0.999855637550354,Warrior_Pose
4,0.3931439426479175,-0.7300661222172192,-0.7204867158589597,0.9998946189880372,Warrior_Pose
5,0.3996376698531757,-0.7296703319160343,-0.7233994753720944,0.9999221563339232,Warrior_Pose
6,0.40642715409956887,-0.7294321727136481,-0.7247252402732263,0.9999270439147948,Warrior_Pose
7,0.5590521514359674,-0.6885522864340812,-0.579255879444227,0.9998825788497924,Warrior_Pose
8,0.491455507912005,-0.6907435185457763,-0.014116646777624647,0.9998947381973268,Warrior_Pose
9,0.4028849643791285,-0.6042446138110688,-0.7442081315737749,0.999915599822998,Warrior_Pose
10,0.38623020884320397,-0.6068325495861824,-0.5977930055666802,0.9998990297317504,Warrior_Pose
11,0.8707545046749519,-0.36927464400378285,-0.35594295899063877,0.9998916387557985,Warrior_Pose
12,0.27418310627873577,-0.3672064874530523,0.3285407071427996,0.9998170733451844,Warrior_Pose
13,1.3508835262465313,-0.34899237001955796,-0.6954549710568683,0.9943103790283204,Warrior_Pose
14,-0.15231291114858309,-0.4138392618738627,-0.03236279708958938,0.9805439114570618,Warrior_Pose
15,1.7693801703757428,-0.34241296517051306,-1.5684780188137855,0.9910808205604552,Warrior_Pose
16,-0.5856086113409549,-0.45683381006454926,-1.0336304989067886,0.9738919734954834,Warrior_Pose
17,1.8919152284324232,-0.3463819046426845,-1.6844719427339327,0.9782679080963136,Warrior_Pose
18,-0.7151517754102292,-0.4576757017032816,-1.2287579448399641,0.93858540058136,Warrior_Pose
19,1.908855398849715,-0.3508764079667178,-1.9899602052684198,0.9807507395744324,Warrior_Pose
20,-0.7301953086390094,-0.4764755887825297,-1.439961790903486,0.9425061345100404,Warrior_Pose
21,1.8573066271808636,-0.33796725061245264,-1.7174679243264739,0.9793018698692322,Warrior_Pose
22,-0.680044954975971,-0.46203616911954826,-1.1884994128284811,0.9508670568466188,Warrior_Pose
23,0.8269410939479154,0.4401427049702194,0.297659164065562,0.9999516010284424,Warrior_Pose
24,0.45774193440367583,0.4447926321009872,0.6269908951173013,0.9999464750289916,Warrior_Pose
25,1.2899334440666166,0.7848250612443097,-0.6803952979710913,0.9905754327774048,Warrior_Pose
26,-0.15397397692016349,0.5976301014443501,-0.7586333283942057,0.9933165311813354,Warrior_Pose
27,1.7519837957998088,1.1800005174191146,0.10897156111146838,0.9809808731079102,Warrior_Pose
28,-0.17832143198886108,1.20698230338609,0.26632079057375463,0.9753081798553468,Warrior_Pose
29,1.792595733514308,1.2389285175462366,0.12162557868686191,0.8520336747169495,Warrior_Pose
30,-0.12183370446649708,1.3133675395767985,0.3347313528422968,0.9260510802268982,Warrior_Pose
31,1.8377964300612961,1.378549635370799,-0.9266893582333485,0.9669471383094788,Warrior_Pose
32,-0.46732058992110576,1.3215101638884852,-0.41006708597372044,0.9617618322372437,Warrior_Pose
0,-0.5830208727324696,-0.8744010393420184,-0.2574424143279184,0.9999834299087524,Warrior_Pose
1,-0.5495775609262332,-0.9042810400156872,-0.2598495951968516,0.9998674392700196,Warrior_Pose
2,-0.5407952018642604,-0.9022183122933708,-0.26094532359427786,0.999883770942688,Warrior_Pose
3,-0.5326371338701621,-0.8992385443008762,-0.26039042609556634,0.999842643737793,Warrior_Pose
4,-0.5550443652925715,-0.9057998522115106,-0.17738694974284464,0.9999222755432128,Warrior_Pose
5,-0.550942078672978,-0.90500890293553,-0.17907065115789353,0.9999579191207886,Warrior_Pose
6,-0.5467699977966705,-0.9043379260126644,-0.17983524418782992,0.999953269958496,Warrior_Pose
7,-0.4839383549989278,-0.8707701417048278,-0.17024307214760995,0.9999116659164428,Warrior_Pose
8,-0.5002090774144555,-0.8743739804434743,0.2089868968657099,0.99996018409729,Warrior_Pose
9,-0.5637128265320654,-0.8311912062310494,-0.21839923541275666,0.9999058246612548,Warrior_Pose
10,-0.5794495027997661,-0.8366452750451968,-0.1180839021150629,0.9999181032180786,Warrior_Pose
11,-0.2988195327315594,-0.6814163518246248,-0.09373532356633688,0.9999014139175416,Warrior_Pose
12,-0.6176629864121062,-0.6798563128585016,0.41823663160313845,0.9998977184295654,Warrior_Pose
13,0.0018299628421971099,-0.654279821106447,-0.3289382170370087,0.9944459199905396,Warrior_Pose
14,-0.9025891968998464,-0.7209093505247332,0.24156020013914675,0.9745713472366332,Warrior_Pose
15,0.2482686071620349,-0.6609536956693868,-0.768252527401093,0.9911643862724304,Warrior_Pose
16,-1.152180081721298,-0.769675389832463,-0.3386469952169696,0.9922673106193542,Warrior_Pose
17,0.32955075108525006,-0.6538116582381659,-0.8309909754774893,0.9868832230567932,Warrior_Pose
18,-1.2279463324083588,-0.7689039303180613,-0.4520495890088894,0.9875476360321044,Warrior_Pose
19,0.3382254712466182,-0.6547499860676366,-1.000935164090889,0.988733172416687,Warrior_Pose
20,-1.2376650552939816,-0.7727561613692402,-0.5713345742256837,0.9885441660881042,Warrior_Pose
21,0.3049103945606423,-0.6517442317263703,-0.8513694055329386,0.9884063005447388,Warrior_Pose
22,-1.2098345408457083,-0.7637976536434503,-0.4299723047144566,0.9912667870521544,Warrior_Pose
23,-0.31645324455244417,-0.2044349180261538,0.3395135666393253,0.9998831748962402,Warrior_Pose
24,-0.5196435392810872,-0.19672293786062917,0.5857295895724706,0.9998971223831176,Warrior_Pose
25,0.02204045824307248,0.0036972673499984367,0.18471506003820135,0.9797265529632568,Warrior_Pose
26,-0.9217938981111644,-0.15439231976453088,-0.08576586146704876,0.9822928309440612,Warrior_Pose
27,0.34827351531225187,0.23123831340784728,0.324904886586383,0.9821688532829284,Warrior_Pose
28,-1.0531878816859646,0.23063891130646086,0.20718026205648132,0.9749189019203186,Warrior_Pose
29,0.39435868485386333,0.2659185667691565,0.300046964055344,0.9071207046508788,Warrior_Pose
30,-1.0247455940135652,0.29957448402400666,0.21712665172287304,0.9452450275421144,Warrior_Pose
31,0.3453067863438641,0.3406119952554375,-0.2959142937629054,0.9799736738204956,Warrior_Pose
32,-1.2377681455595033,0.3068812242412323,-0.19818292428004924,0.969663143157959,Warrior_Pose
0,-0.49612943246389435,-0.7716913794244228,-0.5462111464062595,0.9998760223388672,Warrior_Pose
1,-0.4642481545038182,-0.8035130841606052,-0.516785682944764,0.9995461106300354,Warrior_Pose
2,-0.45351598039998015,-0.8010801301552781,-0.5183998117165861,0.9994962215423584,Warrior_Pose
3,-0.44171458019334253,-0.796982373794397,-0.5177497924442329,0.9995678067207336,Warrior_Pose
4,-0.47366779362024763,-0.8061243083223745,-0.45365920709288476,0.9996196031570436,Warrior_Pose
5,-0.4714432333585088,-0.8059819812839608,-0.45559485815034545,0.9997081160545348,Warrior_Pose
6,-0.4695870072016822,-0.8058599866796062,-0.4564375964171667,0.9997281432151794,Warrior_Pose
7,-0.38036833583788177,-0.7627493965584009,-0.2798371933039675,0.9996715784072876,Warrior_Pose
8,-0.41699474991656427,-0.7735630715236967,-0.0032501053794432903,0.9996383190155028,Warrior_Pose
9,-0.4796408122333494,-0.7246039193808534,-0.44980419833703256,0.9997745156288148,Warrior_Pose
10,-0.4959238916145848,-0.7274532064731583,-0.38060876066499655,0.9997398257255554,Warrior_Pose
11,-0.20551658159744965,-0.5554507878257624,-0.13360389546712076,0.9998722076416016,Warrior_Pose
12,-0.5731284207148969,-0.5829392750511897,0.29841346262251256,0.9997212290763856,Warrior_Pose
13,0.07342970018229217,-0.5029854471546862,-0.3382546025363464,0.9972376823425292,Warrior_Pose
14,-0.8553480343654141,-0.6186540145550848,0.10648918388925578,0.9810934662818908,Warrior_Pose
15,0.3320817533713356,-0.4743435520170774,-0.9480676960132329,0.9964573979377748,Warrior_Pose
16,-1.1079893392103513,-0.651992509235851,-0.6158847512897256,0.9902037382125854,Warrior_Pose
17,0.4077828388757861,-0.4615087752889595,-1.0379109930130794,0.990703582763672,Warrior_Pose
18,-1.190000789257808,-0.6577341091636234,-0.7802121388065366,0.9765385985374452,Warrior_Pose
19,0.41735416300214195,-0.461280155858603,-1.2308502050921657,0.9917265176773072,Warrior_Pose
20,-1.201191772212378,-0.6632506550641685,-0.9262507167100822,0.979078471660614,Warrior_Pose
21,0.38846307156097853,-0.45768724130831717,-1.0404735667917913,0.990119218826294,Warrior_Pose
22,-1.1680246190545167,-0.6553607070267728,-0.7214253562655673,0.9810763597488404,Warrior_Pose
23,-0.21387641746775699,-0.052629404457637245,0.36932782109154416,0.9999104738235474,Warrior_Pose
24,-0.42220076331785655,-0.04762338574024429,0.5561697652121956,0.9999096393585204,Warrior_Pose
25,0.0688918669105849,0.2113931298967434,0.7612921578802743,0.9758767485618592,Warrior_Pose
26,-0.789427874091945,0.05604909374641244,-0.9525827287356036,0.9973725080490112,Warrior_Pose
27,0.3160509460798413,0.4435679417083261,1.8210379581192817,0.9850901365280152,Warrior_Pose
28,-0.8277454994227164,0.45183755699782036,-0.20873045885855343,0.991798996925354,Warrior_Pose
29,0.33683056670230416,0.4803187680890144,1.8767509555945223,0.8701996207237244,Warrior_Pose
30,-0.789862704453734,0.5288343648101801,-0.1586889795815346,0.9682785868644714,Warrior_Pose
31,0.36481522529627103,0.5468873499229804,1.2074805935585349,0.9708758592605592,Warrior_Pose
32,-1.0256011281129864,0.5328621139988149,-0.7652914237765085,0.9884567260742188,Warrior_Pose
0,-0.9543792894603739,-0.8645064126155559,0.18612039655975732,0.9999997615814208,Warrior_Pose
1,-0.9656528468998301,-0.8836896381812703,0.24633373772247072,0.9999982118606568,Warrior_Pose
2,-0.9684673794959472,-0.8825911136533797,0.24569948656274357,0.9999980926513672,Warrior_Pose
3,-0.9707545481285761,-0.8813656814702903,0.24597085138611513,0.9999982118606568,Warrior_Pose
4,-0.9735458970498808,-0.8843181425173317,0.1813049050060713,0.9999991655349731,Warrior_Pose
5,-0.9809013272613403,-0.8834516280646585,0.18042747546223128,0.9999994039535522,Warrior_Pose
6,-0.9876906965948471,-0.8827291146054504,0.18039213388009165,0.9999994039535522,Warrior_Pose
7,-1.0012936531526502,-0.8696688550109883,0.506991010365146,0.9999988079071044,Warrior_Pose
8,-1.0319962504857185,-0.8712220182686591,0.21615268581309854,0.9999986886978148,Warrior_Pose
9,-0.9619786222730218,-0.8372576144561766,0.2862666544564696,0.999998927116394,Warrior_Pose
10,-0.9710049145796193,-0.8378360591248417,0.19505350401216712,0.999998927116394,Warrior_Pose
11,-0.900536195831721,-0.7384531022938162,0.6339079861265371,0.9999974966049194,Warrior_Pose
12,-1.1354350850957557,-0.7216622067921467,0.19538276921646902,0.9999964237213136,Warrior_Pose
13,-0.7023195683091147,-0.7485381888201396,0.6247099454398621,0.9849647879600524,Warrior_Pose
14,-1.3326372329298146,-0.7091479170660342,0.012285637505094184,0.999380350112915,Warrior_Pose
15,-0.527025217510994,-0.74088667840513,0.2722583639612303,0.9829970598220824,Warrior_Pose
16,-1.4863783934950323,-0.6995446643723646,-0.2742725609704837,0.997923731803894,Warrior_Pose
17,-0.47655858049250405,-0.7403584205233824,0.24070608117540185,0.9625283479690552,Warrior_Pose
18,-1.5300981071273956,-0.6982945540529186,-0.34982006472271987,0.994403600692749,Warrior_Pose
19,-0.4701583349202571,-0.745470981218748,0.11681532887829761,0.9674125909805298,Warrior_Pose
20,-1.5360909577894593,-0.703956728709571,-0.43688101339787894,0.9946905970573424,Warrior_Pose
21,-0.48889832841934616,-0.741019238641699,0.20586822109457123,0.9712851643562316,Warrior_Pose
22,-1.516609129788699,-0.7020682411045942,-0.3306249227187913,0.992998480796814,Warrior_Pose
23,-0.9367364267433095,-0.38741051095392304,0.631105646279044,0.9999898672103882,Warrior_Pose
24,-1.081390146982303,-0.3897462558818233,0.2945251203695641,0.99998939037323,Warrior_Pose
25,-0.6594995794842098,-0.36385428064250896,0.021214162450265674,0.9963351488113404,Warrior_Pose
26,-1.3223972019898116,-0.23620160335450782,-0.113498912283361,0.998786985874176,Warrior_Pose
27,-0.6429096348161629,-0.0744378432759823,0.43253168928240854,0.9753163456916808,Warrior_Pose
28,-1.5354375056614695,-0.06278033912186376,0.18257157432263038,0.9920404553413392,Warrior_Pose
29,-0.6740637536077567,-0.03146791970715844,0.4574144804906675,0.9618645310401917,Warrior_Pose
30,-1.5563251348209879,-0.04035591322895559,0.20260150443462355,0.9389116168022156,Warrior_Pose
31,-0.520755110782491,-0.021268798495802904,0.1663903392898498,0.9769540429115297,Warrior_Pose
32,-1.5644882015256407,0.00521280793003073,-0.13445174327417642,0.985030233860016,Warrior_Pose
0,-0.8685007488281594,-0.7870529977208536,-0.12100970060317937,0.9999336004257202,Warrior_Pose
1,-0.8511402002597467,-0.8094297527764053,-0.11013621023027897,0.9996979236602784,Warrior_Pose
2,-0.843322262917831,-0.8105298319590892,-0.1109943500091469,0.9996681213378906,Warrior_Pose
3,-0.8356035490228125,-0.811615316329219,-0.11040760613966459,0.999658703804016,Warrior_Pose
4,-0.8614784376676031,-0.8083168694375887,-0.03946332505962596,0.9997878670692444,Warrior_Pose
5,-0.8613604604376603,-0.808204963038426,-0.040901348346262675,0.9998362064361572,Warrior_Pose
6,-0.8616307355462565,-0.8084825147837683,-0.0415781458971707,0.9998551607131958,Warrior_Pose
7,-0.7853940947047386,-0.8026309191592806,0.03792338449831554,0.9996395111083984,Warrior_Pose
8,-0.8198071027325136,-0.8007766462988264,0.36374407550447824,0.9997803568840028,Warrior_Pose
9,-0.8429918653871186,-0.7604602287653962,-0.05789885494207046,0.9996883869171144,Warrior_Pose
10,-0.8571865179725947,-0.7557748318305995,0.027930444419213798,0.9996615648269652,Warrior_Pose
11,-0.6302040272418938,-0.661791979238029,0.11588965741381255,0.9996825456619264,Warrior_Pose
12,-0.89899770955118,-0.6588529536735098,0.582063698835808,0.9996591806411744,Warrior_Pose
13,-0.41501613387496084,-0.6867376716099401,-0.116354259144406,0.9913460612297058,Warrior_Pose
14,-1.1032823618308578,-0.7141513313812785,0.49555679583111434,0.9677895307540894,Warrior_Pose
15,-0.21818880697824636,-0.7020775127617798,-0.5924199588387398,0.9853995442390442,Warrior_Pose
16,-1.3054556813461058,-0.7729296669278397,0.01961243878458785,0.9757646918296814,Warrior_Pose
17,-0.1586698154105441,-0.7005785600476001,-0.6606812896598672,0.971074104309082,Warrior_Pose
18,-1.3685351337831713,-0.7692530449525973,-0.0736321798170614,0.9470567107200624,Warrior_Pose
19,-0.14911960461183255,-0.7035221296434686,-0.8027264510099911,0.9745050668716432,Warrior_Pose
20,-1.3771124154778094,-0.7696026272965748,-0.17926720623795306,0.9504280090332032,Warrior_Pose
21,-0.17306156657861535,-0.6970716845993739,-0.6626383221780019,0.9715359807014464,Warrior_Pose
22,-1.3498966313452696,-0.7670659988132841,-0.057043367836398504,0.9592136144638062,Warrior_Pose
23,-0.660282276050645,-0.26322335994752377,0.3255692840334939,0.99988055229187,Warrior_Pose
24,-0.8282179292809053,-0.25241826953862806,0.5998294516041647,0.9998912811279296,Warrior_Pose
25,-0.41926576562780793,-0.08020726016402589,0.03400008084160569,0.9747432470321656,Warrior_Pose
26,-1.1116060384462736,-0.1647912460153615,-0.1469038614762735,0.983977735042572,Warrior_Pose
27,-0.173000279705918,0.11166808338360208,0.2564277573705896,0.9826166033744812,Warrior_Pose
28,-1.0368680455028285,0.11448638404744174,0.33874405987531164,0.9396095871925354,Warrior_Pose
29,-0.14905390508430078,0.13953169853037634,0.24307163930081196,0.8679391741752625,Warrior_Pose
30,-1.0008778198061825,0.1693489390874461,0.3715475025578796,0.901223599910736,Warrior_Pose
31,-0.1378364462007255,0.1894505014972554,-0.32747068561955184,0.9715734720230104,Warrior_Pose
32,-1.1641691538234238,0.17479284267892123,-0.0006703578285753532,0.927282691001892,Warrior_Pose
